"Longitude (x)","Latitude (y)","Station Name","Climate ID","Date/Time","Year","Month","Day","Data Quality","Max Temp (°C)","Max Temp Flag","Min Temp (°C)","Min Temp Flag","Mean Temp (°C)","Mean Temp Flag","Heat Deg Days (°C)","Heat Deg Days Flag","Cool Deg Days (°C)","Cool Deg Days Flag","Total Rain (mm)","Total Rain Flag","Total Snow (cm)","Total Snow Flag","Total Precip (mm)","Total Precip Flag","Snow on Grnd (cm)","Snow on Grnd Flag","Dir of Max Gust (10s deg)","Dir of Max Gust Flag","Spd of Max Gust (km/h)","Spd of Max Gust Flag"
"-110.69","62.42","LUTSELK'E CS","220L002","2015-01-01","2015","01","01","","-25.8","","-36.3","","-31.1","","49.1","","0.0","","","M","","M","","M","19","","","","<31",""
"-110.69","62.42","LUTSELK'E CS","220L002","2015-01-02","2015","01","02","","-26.2","","-35.3","","-30.8","","48.8","","0.0","","","M","","M","","M","20","","","","<31",""
"-110.69","62.42","LUTSELK'E CS","220L002","2015-01-03","2015","01","03","","-23.2","","-34.0","","-28.6","","46.6","","0.0","","","M","","M","","M","19","","","","<31",""
"-110.69","62.42","LUTSELK'E CS","220L002","2015-01-04","2015","01","04","","-16.4","","-24.3","","-20.4","","38.4","","0.0","","","M","","M","","M","21","","","","<31",""
"-110.69","62.42","LUTSELK'E CS","220L002","2015-01-05","2015","01","05","","-18.9","","-34.8","","-26.9","","44.9","","0.0","","","M","","M","","M","21","","","","<31",""
"-110.69","62.42","LUTSELK'E CS","220L002","2015-01-06","2015","01","06","","-21.5","","-37.3","","-29.4","","47.4","","0.0","","","M","","M","","M","20","","","","<31",""
"-110.69","62.42","LUTSELK'E CS","220L002","2015-01-07","2015","01","07","","-18.5","","-23.1","","-20.8","","38.8","","0.0","","","M","","M","","M","21","","","","<31",""
"-110.69","62.42","LUTSELK'E CS","220L002","2015-01-08","2015","01","08","","-21.4","","-24.2","","-22.8","","40.8","","0.0","","","M","","M","","M","20","","","","<31",""
"-110.69","62.42","LUTSELK'E CS","220L002","2015-01-09","2015","01","09","","-17.1","","-28.0","","-22.6","","40.6","","0.0","","","M","","M","","M","20","","","","<31",""
"-110.69","62.42","LUTSELK'E CS","220L002","2015-01-10","2015","01","10","","-22.6","","-28.4","","-25.5","","43.5","","0.0","","","M","","M","","M","19","","","","<31",""
"-110.69","62.42","LUTSELK'E CS","220L002","2015-01-11","2015","01","11","","-19.4","","-30.9","","-25.2","","43.2","","0.0","","","M","","M","","M","19","","","","<31",""
"-110.69","62.42","LUTSELK'E CS","220L002","2015-01-12","2015","01","12","","-19.4","","-26.3","","-22.9","","40.9","","0.0","","","M","","M","","M","19","","","","<31",""
"-110.69","62.42","LUTSELK'E CS","220L002","2015-01-13","2015","01","13","","-21.4","","-33.0","","-27.2","","45.2","","0.0","","","M","","M","","M","19","","","","<31",""
"-110.69","62.42","LUTSELK'E CS","220L002","2015-01-14","2015","01","14","","-19.8","","-28.8","","-24.3","","42.3","","0.0","","","M","","M","","M","19","","","","<31",""
"-110.69","62.42","LUTSELK'E CS","220L002","2015-01-15","2015","01","15","","-26.8","","-37.2","","-32.0","","50.0","","0.0","","","M","","M","","M","19","","","","<31",""
"-110.69","62.42","LUTSELK'E CS","220L002","2015-01-16","2015","01","16","","-18.6","","-28.3","","-23.5","","41.5","","0.0","","","M","","M","","M","20","","","","<31",""
"-110.69","62.42","LUTSELK'E CS","220L002","2015-01-17","2015","01","17","","-21.0","","-27.4","","-24.2","","42.2","","0.0","","","M","","M","","M","25","","","","<31",""
"-110.69","62.42","LUTSELK'E CS","220L002","2015-01-18","2015","01","18","","-16.9","","-21.9","","-19.4","","37.4","","0.0","","","M","","M","","M","24","","","","<31",""
"-110.69","62.42","LUTSELK'E CS","220L002","2015-01-19","2015","01","19","","-17.5","","-26.5","","-22.0","","40.0","","0.0","","","M","","M","","M","26","","","","<31",""
"-110.69","62.42","LUTSELK'E CS","220L002","2015-01-20","2015","01","20","","-16.9","","-31.4","","-24.2","","42.2","","0.0","","","M","","M","","M","25","","","","<31",""
"-110.69","62.42","LUTSELK'E CS","220L002","2015-01-21","2015","01","21","","-11.6","","-33.4","","-22.5","","40.5","","0.0","","","M","","M","","M","24","","","","<31",""
"-110.69","62.42","LUTSELK'E CS","220L002","2015-01-22","2015","01","22","","-12.0","","-27.4","","-19.7","","37.7","","0.0","","","M","","M","","M","30","","","","<31",""
"-110.69","62.42","LUTSELK'E CS","220L002","2015-01-23","2015","01","23","","-23.1","","-31.7","","-27.4","","45.4","","0.0","","","M","","M","","M","30","","","","<31",""
"-110.69","62.42","LUTSELK'E CS","220L002","2015-01-24","2015","01","24","","-16.4","","-23.5","","-20.0","","38.0","","0.0","","","M","","M","","M","27","","","","<31",""
"-110.69","62.42","LUTSELK'E CS","220L002","2015-01-25","2015","01","25","","-12.9","","-17.1","","-15.0","","33.0","","0.0","","","M","","M","","M","27","","","","<31",""
"-110.69","62.42","LUTSELK'E CS","220L002","2015-01-26","2015","01","26","","-13.0","","-24.8","","-18.9","","36.9","","0.0","","","M","","M","","M","27","","","","<31",""
"-110.69","62.42","LUTSELK'E CS","220L002","2015-01-27","2015","01","27","","-24.7","","-38.6","","-31.7","","49.7","","0.0","","","M","","M","","M","27","","","","<31",""
"-110.69","62.42","LUTSELK'E CS","220L002","2015-01-28","2015","01","28","","-28.3","","-40.7","","-34.5","","52.5","","0.0","","","M","","M","","M","26","","","","<31",""
"-110.69","62.42","LUTSELK'E CS","220L002","2015-01-29","2015","01","29","","-25.1","","-31.9","","-28.5","","46.5","","0.0","","","M","","M","","M","26","","","","<31",""
"-110.69","62.42","LUTSELK'E CS","220L002","2015-01-30","2015","01","30","","-29.5","","-38.2","","-33.9","","51.9","","0.0","","","M","","M","","M","26","","","","<31",""
"-110.69","62.42","LUTSELK'E CS","220L002","2015-01-31","2015","01","31","","-26.1","","-40.8","","-33.5","","51.5","","0.0","","","M","","M","","M","26","","","","<31",""
"-110.69","62.42","LUTSELK'E CS","220L002","2015-02-01","2015","02","01","","-19.6","","-27.5","","-23.6","","41.6","","0.0","","","M","","M","","M","27","","","","<31",""
"-110.69","62.42","LUTSELK'E CS","220L002","2015-02-02","2015","02","02","","-21.5","","-39.8","","-30.7","","48.7","","0.0","","","M","","M","","M","28","","","","<31",""
"-110.69","62.42","LUTSELK'E CS","220L002","2015-02-03","2015","02","03","","-33.2","","-41.7","","-37.5","","55.5","","0.0","","","M","","M","","M","27","","","","<31",""
"-110.69","62.42","LUTSELK'E CS","220L002","2015-02-04","2015","02","04","","-24.4","","-34.1","","-29.3","","47.3","","0.0","","","M","","M","","M","28","","","","<31",""
"-110.69","62.42","LUTSELK'E CS","220L002","2015-02-05","2015","02","05","","-25.8","","-33.9","","-29.9","","47.9","","0.0","","","M","","M","","M","28","","","","<31",""
"-110.69","62.42","LUTSELK'E CS","220L002","2015-02-06","2015","02","06","","-32.3","","-41.3","","-36.8","","54.8","","0.0","","","M","","M","","M","27","","","","<31",""
"-110.69","62.42","LUTSELK'E CS","220L002","2015-02-07","2015","02","07","","-24.1","","-32.8","","-28.5","","46.5","","0.0","","","M","","M","","M","28","","","","<31",""
"-110.69","62.42","LUTSELK'E CS","220L002","2015-02-08","2015","02","08","","-25.7","","-35.7","","-30.7","","48.7","","0.0","","","M","","M","","M","30","","","","<31",""
"-110.69","62.42","LUTSELK'E CS","220L002","2015-02-09","2015","02","09","","-31.4","","-41.3","","-36.4","","54.4","","0.0","","","M","","M","","M","29","","","","<31",""
"-110.69","62.42","LUTSELK'E CS","220L002","2015-02-10","2015","02","10","","-28.3","","-39.3","","-33.8","","51.8","","0.0","","","M","","M","","M","30","","","","<31",""
"-110.69","62.42","LUTSELK'E CS","220L002","2015-02-11","2015","02","11","","-23.5","","-40.9","","-32.2","","50.2","","0.0","","","M","","M","","M","29","","","","<31",""
"-110.69","62.42","LUTSELK'E CS","220L002","2015-02-12","2015","02","12","","-22.4","","-34.6","","-28.5","","46.5","","0.0","","","M","","M","","M","31","","","","<31",""
"-110.69","62.42","LUTSELK'E CS","220L002","2015-02-13","2015","02","13","","-28.9","","-41.1","","-35.0","","53.0","","0.0","","","M","","M","","M","30","","","","<31",""
"-110.69","62.42","LUTSELK'E CS","220L002","2015-02-14","2015","02","14","","-15.9","","-29.3","","-22.6","","40.6","","0.0","","","M","","M","","M","31","","","","<31",""
"-110.69","62.42","LUTSELK'E CS","220L002","2015-02-15","2015","02","15","","-19.2","","-33.9","","-26.6","","44.6","","0.0","","","M","","M","","M","32","","","","<31",""
"-110.69","62.42","LUTSELK'E CS","220L002","2015-02-16","2015","02","16","","-21.7","","-34.3","","-28.0","","46.0","","0.0","","","M","","M","","M","33","","","","<31",""
"-110.69","62.42","LUTSELK'E CS","220L002","2015-02-17","2015","02","17","","-23.0","","-33.9","","-28.5","","46.5","","0.0","","","M","","M","","M","32","","","","<31",""
"-110.69","62.42","LUTSELK'E CS","220L002","2015-02-18","2015","02","18","","-17.0","","-33.4","","-25.2","","43.2","","0.0","","","M","","M","","M","32","","","","<31",""
"-110.69","62.42","LUTSELK'E CS","220L002","2015-02-19","2015","02","19","","-14.9","","-30.3","","-22.6","","40.6","","0.0","","","M","","M","","M","33","","","","<31",""
"-110.69","62.42","LUTSELK'E CS","220L002","2015-02-20","2015","02","20","","-25.7","","-38.6","","-32.2","","50.2","","0.0","","","M","","M","","M","33","","","","<31",""
"-110.69","62.42","LUTSELK'E CS","220L002","2015-02-21","2015","02","21","","-26.5","","-39.3","","-32.9","","50.9","","0.0","","","M","","M","","M","33","","","","<31",""
"-110.69","62.42","LUTSELK'E CS","220L002","2015-02-22","2015","02","22","","-14.1","","-30.6","","-22.4","","40.4","","0.0","","","M","","M","","M","33","","","","<31",""
"-110.69","62.42","LUTSELK'E CS","220L002","2015-02-23","2015","02","23","","-12.3","","-27.6","","-20.0","","38.0","","0.0","","","M","","M","","M","34","","","","<31",""
"-110.69","62.42","LUTSELK'E CS","220L002","2015-02-24","2015","02","24","","-21.3","","-32.6","","-27.0","","45.0","","0.0","","","M","","M","","M","33","","","M","","M"
"-110.69","62.42","LUTSELK'E CS","220L002","2015-02-25","2015","02","25","","-18.1","","-34.0","","-26.1","","44.1","","0.0","","","M","","M","","M","33","","","M","","M"
"-110.69","62.42","LUTSELK'E CS","220L002","2015-02-26","2015","02","26","","-14.6","","-29.2","","-21.9","","39.9","","0.0","","","M","","M","","M","33","","","M","","M"
"-110.69","62.42","LUTSELK'E CS","220L002","2015-02-27","2015","02","27","","-7.7","","-24.3","","-16.0","","34.0","","0.0","","","M","","M","","M","33","","","M","","M"
"-110.69","62.42","LUTSELK'E CS","220L002","2015-02-28","2015","02","28","","-6.9","","-25.4","","-16.2","","34.2","","0.0","","","M","","M","","M","33","","","M","","M"
"-110.69","62.42","LUTSELK'E CS","220L002","2015-03-01","2015","03","01","","-10.8","","-27.9","","-19.4","","37.4","","0.0","","","M","","M","","M","33","","","M","","M"
"-110.69","62.42","LUTSELK'E CS","220L002","2015-03-02","2015","03","02","","-12.3","","-29.6","","-21.0","","39.0","","0.0","","","M","","M","","M","24","","","M","","M"
"-110.69","62.42","LUTSELK'E CS","220L002","2015-03-03","2015","03","03","","-23.4","","-36.3","","-29.9","","47.9","","0.0","","","M","","M","","M","32","","","M","","M"
"-110.69","62.42","LUTSELK'E CS","220L002","2015-03-04","2015","03","04","","-18.8","","-35.2","","-27.0","","45.0","","0.0","","","M","","M","","M","32","","","M","","M"
"-110.69","62.42","LUTSELK'E CS","220L002","2015-03-05","2015","03","05","","-10.8","","-23.7","","-17.3","","35.3","","0.0","","","M","","M","","M","33","","","M","","M"
"-110.69","62.42","LUTSELK'E CS","220L002","2015-03-06","2015","03","06","","-11.6","","-23.0","","-17.3","","35.3","","0.0","","","M","","M","","M","34","","","M","","M"
"-110.69","62.42","LUTSELK'E CS","220L002","2015-03-07","2015","03","07","","-12.2","","-22.5","","-17.4","","35.4","","0.0","","","M","","M","","M","35","","","M","","M"
"-110.69","62.42","LUTSELK'E CS","220L002","2015-03-08","2015","03","08","","-6.3","","-18.0","","-12.2","","30.2","","0.0","","","M","","M","","M","35","","","M","","M"
"-110.69","62.42","LUTSELK'E CS","220L002","2015-03-09","2015","03","09","","-11.3","","-28.6","","-20.0","","38.0","","0.0","","","M","","M","","M","34","","","M","","M"
"-110.69","62.42","LUTSELK'E CS","220L002","2015-03-10","2015","03","10","","-19.4","","-32.6","","-26.0","","44.0","","0.0","","","M","","M","","M","34","","","M","","M"
"-110.69","62.42","LUTSELK'E CS","220L002","2015-03-11","2015","03","11","","-20.1","","-34.3","","-27.2","","45.2","","0.0","","","M","","M","","M","34","","","M","","M"
"-110.69","62.42","LUTSELK'E CS","220L002","2015-03-12","2015","03","12","","-13.0","","-27.5","","-20.3","","38.3","","0.0","","","M","","M","","M","35","","","M","","M"
"-110.69","62.42","LUTSELK'E CS","220L002","2015-03-13","2015","03","13","","2.1","","-13.6","","-5.8","","23.8","","0.0","","","M","","M","","M","32","","","M","","M"
"-110.69","62.42","LUTSELK'E CS","220L002","2015-03-14","2015","03","14","","6.7","","-15.6","","-4.5","","22.5","","0.0","","","M","","M","","M","32","","","M","","M"
"-110.69","62.42","LUTSELK'E CS","220L002","2015-03-15","2015","03","15","","-15.1","","-24.8","","-20.0","","38.0","","0.0","","","M","","M","","M","32","","","M","","M"
"-110.69","62.42","LUTSELK'E CS","220L002","2015-03-16","2015","03","16","","-17.1","","-28.7","","-22.9","","40.9","","0.0","","","M","","M","","M","32","","","M","","M"
"-110.69","62.42","LUTSELK'E CS","220L002","2015-03-17","2015","03","17","","-16.7","","-33.8","","-25.3","","43.3","","0.0","","","M","","M","","M","32","","","M","","M"
"-110.69","62.42","LUTSELK'E CS","220L002","2015-03-18","2015","03","18","","-14.9","","-31.1","","-23.0","","41.0","","0.0","","","M","","M","","M","32","","","M","","M"
"-110.69","62.42","LUTSELK'E CS","220L002","2015-03-19","2015","03","19","","-17.8","","-33.0","","-25.4","","43.4","","0.0","","","M","","M","","M","32","","","M","","M"
"-110.69","62.42","LUTSELK'E CS","220L002","2015-03-20","2015","03","20","","-16.1","","-31.9","","-24.0","","42.0","","0.0","","","M","","M","","M","32","","","M","","M"
"-110.69","62.42","LUTSELK'E CS","220L002","2015-03-21","2015","03","21","","-12.5","","-30.3","","-21.4","","39.4","","0.0","","","M","","M","","M","32","","","M","","M"
"-110.69","62.42","LUTSELK'E CS","220L002","2015-03-22","2015","03","22","","-6.8","","-25.6","","-16.2","","34.2","","0.0","","","M","","M","","M","31","","","M","","M"
"-110.69","62.42","LUTSELK'E CS","220L002","2015-03-23","2015","03","23","","-7.1","","-20.7","","-13.9","","31.9","","0.0","","","M","","M","","M","32","","","M","","M"
"-110.69","62.42","LUTSELK'E CS","220L002","2015-03-24","2015","03","24","","-9.3","","-24.6","","-17.0","","35.0","","0.0","","","M","","M","","M","32","","","M","","M"
"-110.69","62.42","LUTSELK'E CS","220L002","2015-03-25","2015","03","25","","-6.1","","-23.8","","-15.0","","33.0","","0.0","","","M","","M","","M","32","","","M","","M"
"-110.69","62.42","LUTSELK'E CS","220L002","2015-03-26","2015","03","26","","1.8","","-14.9","","-6.6","","24.6","","0.0","","","M","","M","","M","32","","","M","","M"
"-110.69","62.42","LUTSELK'E CS","220L002","2015-03-27","2015","03","27","","7.7","","-11.6","","-2.0","","20.0","","0.0","","","M","","M","","M","32","","","M","","M"
"-110.69","62.42","LUTSELK'E CS","220L002","2015-03-28","2015","03","28","","0.3","","-11.9","","-5.8","","23.8","","0.0","","","M","","M","","M","31","","","M","","M"
"-110.69","62.42","LUTSELK'E CS","220L002","2015-03-29","2015","03","29","","-6.6","","-20.1","","-13.4","","31.4","","0.0","","","M","","M","","M","31","","","M","","M"
"-110.69","62.42","LUTSELK'E CS","220L002","2015-03-30","2015","03","30","","-3.9","","-16.5","","-10.2","","28.2","","0.0","","","M","","M","","M","31","","","M","","M"
"-110.69","62.42","LUTSELK'E CS","220L002","2015-03-31","2015","03","31","","-12.1","","-22.0","","-17.1","","35.1","","0.0","","","M","","M","","M","33","","","M","","M"
"-110.69","62.42","LUTSELK'E CS","220L002","2015-04-01","2015","04","01","","-11.4","","-26.2","","-18.8","","36.8","","0.0","","","M","","M","","M","31","","","M","","M"
"-110.69","62.42","LUTSELK'E CS","220L002","2015-04-02","2015","04","02","","-17.9","","-29.2","","-23.6","","41.6","","0.0","","","M","","M","","M","31","","","M","","M"
"-110.69","62.42","LUTSELK'E CS","220L002","2015-04-03","2015","04","03","","-13.2","","-32.2","","-22.7","","40.7","","0.0","","","M","","M","","M","31","","","M","","M"
"-110.69","62.42","LUTSELK'E CS","220L002","2015-04-04","2015","04","04","","-18.0","","-31.1","","-24.6","","42.6","","0.0","","","M","","M","","M","31","","","M","","M"
"-110.69","62.42","LUTSELK'E CS","220L002","2015-04-05","2015","04","05","","-12.3","","-31.4","","-21.9","","39.9","","0.0","","","M","","M","","M","31","","","M","","M"
"-110.69","62.42","LUTSELK'E CS","220L002","2015-04-06","2015","04","06","","-3.1","","-26.6","","-14.9","","32.9","","0.0","","","M","","M","","M","31","","","M","","M"
"-110.69","62.42","LUTSELK'E CS","220L002","2015-04-07","2015","04","07","","2.4","","-7.2","","-2.4","","20.4","","0.0","","","M","","M","","M","31","","","M","","M"
"-110.69","62.42","LUTSELK'E CS","220L002","2015-04-08","2015","04","08","","-4.3","","-13.3","","-8.8","","26.8","","0.0","","","M","","M","","M","32","","","M","","M"
"-110.69","62.42","LUTSELK'E CS","220L002","2015-04-09","2015","04","09","","9.3","","-9.0","","0.2","","17.8","","0.0","","","M","","M","","M","32","","","M","","M"
"-110.69","62.42","LUTSELK'E CS","220L002","2015-04-10","2015","04","10","","10.3","","-4.0","","3.2","","14.8","","0.0","","","M","","M","","M","31","","","M","","M"
"-110.69","62.42","LUTSELK'E CS","220L002","2015-04-11","2015","04","11","","15.8","","0.4","","8.1","","9.9","","0.0","","","M","","M","","M","29","","","M","","M"
"-110.69","62.42","LUTSELK'E CS","220L002","2015-04-12","2015","04","12","","6.0","","-5.0","","0.5","","17.5","","0.0","","","M","","M","","M","28","","","M","","M"
"-110.69","62.42","LUTSELK'E CS","220L002","2015-04-13","2015","04","13","","-4.6","","-14.9","","-9.8","","27.8","","0.0","","","M","","M","","M","26","","","M","","M"
"-110.69","62.42","LUTSELK'E CS","220L002","2015-04-14","2015","04","14","","-1.5","","-18.6","","-10.1","","28.1","","0.0","","","M","","M","","M","26","","","M","","M"
"-110.69","62.42","LUTSELK'E CS","220L002","2015-04-15","2015","04","15","","1.1","","-3.8","","-1.4","","19.4","","0.0","","","M","","M","","M","26","","","M","","M"
"-110.69","62.42","LUTSELK'E CS","220L002","2015-04-16","2015","04","16","","6.4","","-6.8","","-0.2","","18.2","","0.0","","","M","","M","","M","26","","","M","","M"
"-110.69","62.42","LUTSELK'E CS","220L002","2015-04-17","2015","04","17","","4.7","","-6.0","","-0.7","","18.7","","0.0","","","M","","M","","M","25","","","M","","M"
"-110.69","62.42","LUTSELK'E CS","220L002","2015-04-18","2015","04","18","","3.0","","-9.1","","-3.1","","21.1","","0.0","","","M","","M","","M","25","","","M","","M"
"-110.69","62.42","LUTSELK'E CS","220L002","2015-04-19","2015","04","19","","7.4","","-7.8","","-0.2","","18.2","","0.0","","","M","","M","","M","24","","","M","","M"
"-110.69","62.42","LUTSELK'E CS","220L002","2015-04-20","2015","04","20","","0.3","","-9.1","","-4.4","","22.4","","0.0","","","M","","M","","M","24","","","M","","M"
"-110.69","62.42","LUTSELK'E CS","220L002","2015-04-21","2015","04","21","","0.8","","-13.3","","-6.3","","24.3","","0.0","","","M","","M","","M","24","","","M","","M"
"-110.69","62.42","LUTSELK'E CS","220L002","2015-04-22","2015","04","22","","3.7","","-12.0","","-4.2","","22.2","","0.0","","","M","","M","","M","23","","","M","","M"
"-110.69","62.42","LUTSELK'E CS","220L002","2015-04-23","2015","04","23","","-6.1","","-16.7","","-11.4","","29.4","","0.0","","","M","","M","","M","23","","","M","","M"
"-110.69","62.42","LUTSELK'E CS","220L002","2015-04-24","2015","04","24","","-7.3","","-18.5","","-12.9","","30.9","","0.0","","","M","","M","","M","23","","","M","","M"
"-110.69","62.42","LUTSELK'E CS","220L002","2015-04-25","2015","04","25","","-3.2","","-10.6","","-6.9","","24.9","","0.0","","","M","","M","","M","23","","","M","","M"
"-110.69","62.42","LUTSELK'E CS","220L002","2015-04-26","2015","04","26","","3.2","","-12.8","","-4.8","","22.8","","0.0","","","M","","M","","M","23","","","M","","M"
"-110.69","62.42","LUTSELK'E CS","220L002","2015-04-27","2015","04","27","","11.8","","-3.1","","4.4","","13.6","","0.0","","","M","","M","","M","22","","","M","","M"
"-110.69","62.42","LUTSELK'E CS","220L002","2015-04-28","2015","04","28","","13.0","","2.2","","7.6","","10.4","","0.0","","","M","","M","","M","16","","","M","","M"
"-110.69","62.42","LUTSELK'E CS","220L002","2015-04-29","2015","04","29","","15.3","","4.5","","9.9","","8.1","","0.0","","","M","","M","","M","2","","","M","","M"
"-110.69","62.42","LUTSELK'E CS","220L002","2015-04-30","2015","04","30","","13.4","","2.5","","8.0","","10.0","","0.0","","","M","","M","","M","","","","M","","M"
"-110.69","62.42","LUTSELK'E CS","220L002","2015-05-01","2015","05","01","","7.5","","-1.7","","2.9","","15.1","","0.0","","","M","","M","","M","","","","M","","M"
"-110.69","62.42","LUTSELK'E CS","220L002","2015-05-02","2015","05","02","","2.7","","-5.1","","-1.2","","19.2","","0.0","","","M","","M","","M","","","","M","","M"
"-110.69","62.42","LUTSELK'E CS","220L002","2015-05-03","2015","05","03","","-1.1","","-6.7","","-3.9","","21.9","","0.0","","","M","","M","","M","","","","M","","M"
"-110.69","62.42","LUTSELK'E CS","220L002","2015-05-04","2015","05","04","","-0.9","","-11.8","","-6.4","","24.4","","0.0","","","M","","M","","M","","","","M","","M"
"-110.69","62.42","LUTSELK'E CS","220L002","2015-05-05","2015","05","05","","0.5","","-10.5","","-5.0","","23.0","","0.0","","","M","","M","","M","","","","M","","M"
"-110.69","62.42","LUTSELK'E CS","220L002","2015-05-06","2015","05","06","","5.2","","-7.5","","-1.2","","19.2","","0.0","","","M","","M","","M","","","","M","","M"
"-110.69","62.42","LUTSELK'E CS","220L002","2015-05-07","2015","05","07","","6.6","","-5.4","","0.6","","17.4","","0.0","","","M","","M","","M","","","","M","","M"
"-110.69","62.42","LUTSELK'E CS","220L002","2015-05-08","2015","05","08","","9.1","","-4.1","","2.5","","15.5","","0.0","","","M","","M","","M","","","","M","","M"
"-110.69","62.42","LUTSELK'E CS","220L002","2015-05-09","2015","05","09","","11.8","","-0.8","","5.5","","12.5","","0.0","","","M","","M","","M","","","","M","","M"
"-110.69","62.42","LUTSELK'E CS","220L002","2015-05-10","2015","05","10","","15.7","","1.5","","8.6","","9.4","","0.0","","","M","","M","","M","","","","M","","M"
"-110.69","62.42","LUTSELK'E CS","220L002","2015-05-11","2015","05","11","","19.3","","5.4","","12.4","","5.6","","0.0","","","M","","M","","M","","","","M","","M"
"-110.69","62.42","LUTSELK'E CS","220L002","2015-05-12","2015","05","12","","19.0","","4.6","","11.8","","6.2","","0.0","","","M","","M","","M","","","","M","","M"
"-110.69","62.42","LUTSELK'E CS","220L002","2015-05-13","2015","05","13","","20.3","","3.7","","12.0","","6.0","","0.0","","","M","","M","","M","","","","M","","M"
"-110.69","62.42","LUTSELK'E CS","220L002","2015-05-14","2015","05","14","","21.1","","2.8","","12.0","","6.0","","0.0","","","M","","M","","M","","","","M","","M"
"-110.69","62.42","LUTSELK'E CS","220L002","2015-05-15","2015","05","15","","12.7","","-8.1","","2.3","","15.7","","0.0","","","M","","M","","M","","","","M","","M"
"-110.69","62.42","LUTSELK'E CS","220L002","2015-05-16","2015","05","16","","2.3","","-10.3","","-4.0","","22.0","","0.0","","","M","","M","","M","","","","M","","M"
"-110.69","62.42","LUTSELK'E CS","220L002","2015-05-17","2015","05","17","","15.0","","-3.0","","6.0","","12.0","","0.0","","","M","","M","","M","","","","M","","M"
"-110.69","62.42","LUTSELK'E CS","220L002","2015-05-18","2015","05","18","","18.8","","3.1","","11.0","","7.0","","0.0","","","M","","M","","M","","","","M","","M"
"-110.69","62.42","LUTSELK'E CS","220L002","2015-05-19","2015","05","19","","14.8","","2.2","","8.5","","9.5","","0.0","","","M","","M","","M","","","","M","","M"
"-110.69","62.42","LUTSELK'E CS","220L002","2015-05-20","2015","05","20","","18.7","","1.2","","10.0","","8.0","","0.0","","","M","","M","","M","","","","M","","M"
"-110.69","62.42","LUTSELK'E CS","220L002","2015-05-21","2015","05","21","","22.7","","3.1","","12.9","","5.1","","0.0","","","M","","M","","M","","","","M","","M"
"-110.69","62.42","LUTSELK'E CS","220L002","2015-05-22","2015","05","22","","13.5","","1.8","","7.7","","10.3","","0.0","","","M","","M","","M","","","","M","","M"
"-110.69","62.42","LUTSELK'E CS","220L002","2015-05-23","2015","05","23","","21.4","","-0.5","","10.5","","7.5","","0.0","","","M","","M","","M","","","","M","","M"
"-110.69","62.42","LUTSELK'E CS","220L002","2015-05-24","2015","05","24","","14.1","","3.9","","9.0","","9.0","","0.0","","","M","","M","","M","","","","M","","M"
"-110.69","62.42","LUTSELK'E CS","220L002","2015-05-25","2015","05","25","","9.5","","1.4","","5.5","","12.5","","0.0","","","M","","M","","M","","","","M","","M"
"-110.69","62.42","LUTSELK'E CS","220L002","2015-05-26","2015","05","26","","11.9","","-4.6","","3.7","","14.3","","0.0","","","M","","M","","M","","","","M","","M"
"-110.69","62.42","LUTSELK'E CS","220L002","2015-05-27","2015","05","27","","4.2","","-1.3","","1.5","","16.5","","0.0","","","M","","M","","M","","","","M","","M"
"-110.69","62.42","LUTSELK'E CS","220L002","2015-05-28","2015","05","28","","6.3","","-4.1","","1.1","","16.9","","0.0","","","M","","M","","M","","","","M","","M"
"-110.69","62.42","LUTSELK'E CS","220L002","2015-05-29","2015","05","29","","12.5","","-2.6","","5.0","","13.0","","0.0","","","M","","M","","M","","","","M","","M"
"-110.69","62.42","LUTSELK'E CS","220L002","2015-05-30","2015","05","30","","21.9","","3.4","","12.7","","5.3","","0.0","","","M","","M","","M","","","","M","","M"
"-110.69","62.42","LUTSELK'E CS","220L002","2015-05-31","2015","05","31","","19.4","","7.3","","13.4","","4.6","","0.0","","","M","","M","","M","","","","M","","M"
"-110.69","62.42","LUTSELK'E CS","220L002","2015-06-01","2015","06","01","","8.2","","1.2","","4.7","","13.3","","0.0","","","M","","M","","M","","","","M","","M"
"-110.69","62.42","LUTSELK'E CS","220L002","2015-06-02","2015","06","02","","6.8","","1.0","","3.9","","14.1","","0.0","","","M","","M","","M","","","","M","","M"
"-110.69","62.42","LUTSELK'E CS","220L002","2015-06-03","2015","06","03","","14.3","","1.6","","8.0","","10.0","","0.0","","","M","","M","","M","","","","M","","M"
"-110.69","62.42","LUTSELK'E CS","220L002","2015-06-04","2015","06","04","","23.4","","5.7","","14.6","","3.4","","0.0","","","M","","M","","M","","","","M","","M"
"-110.69","62.42","LUTSELK'E CS","220L002","2015-06-05","2015","06","05","","23.8","","9.4","","16.6","","1.4","","0.0","","","M","","M","","M","","","","M","","M"
"-110.69","62.42","LUTSELK'E CS","220L002","2015-06-06","2015","06","06","","23.7","","9.7","","16.7","","1.3","","0.0","","","M","","M","","M","","","","M","","M"
"-110.69","62.42","LUTSELK'E CS","220L002","2015-06-07","2015","06","07","","19.9","","5.5","","12.7","","5.3","","0.0","","","M","","M","","M","","","","M","","M"
"-110.69","62.42","LUTSELK'E CS","220L002","2015-06-08","2015","06","08","","18.9","","3.9","","11.4","","6.6","","0.0","","","M","","M","","M","","","","M","","M"
"-110.69","62.42","LUTSELK'E CS","220L002","2015-06-09","2015","06","09","","14.8","","2.4","","8.6","","9.4","","0.0","","","M","","M","","M","","","","M","","M"
"-110.69","62.42","LUTSELK'E CS","220L002","2015-06-10","2015","06","10","","20.1","","-0.7","","9.7","","8.3","","0.0","","","M","","M","","M","","","","M","","M"
"-110.69","62.42","LUTSELK'E CS","220L002","2015-06-11","2015","06","11","","23.9","","12.7","","18.3","","0.0","","0.3","","","M","","M","","M","","","","M","","M"
"-110.69","62.42","LUTSELK'E CS","220L002","2015-06-12","2015","06","12","","22.9","","11.4","","17.2","","0.8","","0.0","","","M","","M","","M","","","","M","","M"
"-110.69","62.42","LUTSELK'E CS","220L002","2015-06-13","2015","06","13","","18.8","","10.3","","14.6","","3.4","","0.0","","","M","","M","","M","","","","M","","M"
"-110.69","62.42","LUTSELK'E CS","220L002","2015-06-14","2015","06","14","","15.5","","1.6","","8.6","","9.4","","0.0","","","M","","M","","M","","","","M","","M"
"-110.69","62.42","LUTSELK'E CS","220L002","2015-06-15","2015","06","15","","10.8","","3.4","","7.1","","10.9","","0.0","","","M","","M","","M","","","","M","","M"
"-110.69","62.42","LUTSELK'E CS","220L002","2015-06-16","2015","06","16","","10.7","","4.5","","7.6","","10.4","","0.0","","","M","","M","","M","","","","M","","M"
"-110.69","62.42","LUTSELK'E CS","220L002","2015-06-17","2015","06","17","","15.9","","2.7","","9.3","","8.7","","0.0","","","M","","M","","M","","","","M","","M"
"-110.69","62.42","LUTSELK'E CS","220L002","2015-06-18","2015","06","18","","12.5","","4.2","","8.4","","9.6","","0.0","","","M","","M","","M","","","","M","","M"
"-110.69","62.42","LUTSELK'E CS","220L002","2015-06-19","2015","06","19","","19.3","","-0.8","","9.3","","8.7","","0.0","","","M","","M","","M","","","","M","","M"
"-110.69","62.42","LUTSELK'E CS","220L002","2015-06-20","2015","06","20","","13.9","","6.8","","10.4","","7.6","","0.0","","","M","","M","","M","","","","M","","M"
"-110.69","62.42","LUTSELK'E CS","220L002","2015-06-21","2015","06","21","","14.9","","6.2","","10.6","","7.4","","0.0","","","M","","M","","M","","","","M","","M"
"-110.69","62.42","LUTSELK'E CS","220L002","2015-06-22","2015","06","22","","14.3","","4.7","","9.5","","8.5","","0.0","","","M","","M","","M","","","","M","","M"
"-110.69","62.42","LUTSELK'E CS","220L002","2015-06-23","2015","06","23","","23.4","","2.5","","13.0","","5.0","","0.0","","","M","","M","","M","","","","M","","M"
"-110.69","62.42","LUTSELK'E CS","220L002","2015-06-24","2015","06","24","","21.0","","12.2","","16.6","","1.4","","0.0","","","M","","M","","M","","","","M","","M"
"-110.69","62.42","LUTSELK'E CS","220L002","2015-06-25","2015","06","25","","24.3","","5.2","","14.8","","3.2","","0.0","","","M","","M","","M","","","","M","","M"
"-110.69","62.42","LUTSELK'E CS","220L002","2015-06-26","2015","06","26","","24.5","","13.8","","19.2","","0.0","","1.2","","","M","","M","","M","","","","M","","M"
"-110.69","62.42","LUTSELK'E CS","220L002","2015-06-27","2015","06","27","","24.5","","8.2","","16.4","","1.6","","0.0","","","M","","M","","M","","","","M","","M"
"-110.69","62.42","LUTSELK'E CS","220L002","2015-06-28","2015","06","28","","22.4","","11.5","","17.0","","1.0","","0.0","","","M","","M","","M","","","","M","","M"
"-110.69","62.42","LUTSELK'E CS","220L002","2015-06-29","2015","06","29","","25.3","","9.4","","17.4","","0.6","","0.0","","","M","","M","","M","","","","M","","M"
"-110.69","62.42","LUTSELK'E CS","220L002","2015-06-30","2015","06","30","","25.5","","10.3","","17.9","","0.1","","0.0","","","M","","M","","M","","","","M","","M"
"-110.69","62.42","LUTSELK'E CS","220L002","2015-07-01","2015","07","01","","20.7","","11.9","","16.3","","1.7","","0.0","","","M","","M","","M","","","","M","","M"
"-110.69","62.42","LUTSELK'E CS","220L002","2015-07-02","2015","07","02","","22.8","","7.7","","15.3","","2.7","","0.0","","","M","","M","","M","","","","M","","M"
"-110.69","62.42","LUTSELK'E CS","220L002","2015-07-03","2015","07","03","","20.9","","12.8","","16.9","","1.1","","0.0","","","M","","M","","M","","","","M","","M"
"-110.69","62.42","LUTSELK'E CS","220L002","2015-07-04","2015","07","04","","20.3","","8.0","","14.2","","3.8","","0.0","","","M","","M","","M","","","","M","","M"
"-110.69","62.42","LUTSELK'E CS","220L002","2015-07-05","2015","07","05","","21.2","","4.8","","13.0","","5.0","","0.0","","","M","","M","","M","","","","M","","M"
"-110.69","62.42","LUTSELK'E CS","220L002","2015-07-06","2015","07","06","","13.0","","7.6","","10.3","","7.7","","0.0","","","M","","M","","M","","","","M","","M"
"-110.69","62.42","LUTSELK'E CS","220L002","2015-07-07","2015","07","07","","16.5","","0.6","","8.6","","9.4","","0.0","","","M","","M","","M","","","","M","","M"
"-110.69","62.42","LUTSELK'E CS","220L002","2015-07-08","2015","07","08","","21.4","","4.2","","12.8","","5.2","","0.0","","","M","","M","","M","","","","M","","M"
"-110.69","62.42","LUTSELK'E CS","220L002","2015-07-09","2015","07","09","","14.7","","5.5","","10.1","","7.9","","0.0","","","M","","M","","M","","","","M","","M"
"-110.69","62.42","LUTSELK'E CS","220L002","2015-07-10","2015","07","10","","18.2","","6.4","","12.3","","5.7","","0.0","","","M","","M","","M","","","","M","","M"
"-110.69","62.42","LUTSELK'E CS","220L002","2015-07-11","2015","07","11","","21.2","","4.6","","12.9","","5.1","","0.0","","","M","","M","","M","","","","M","","M"
"-110.69","62.42","LUTSELK'E CS","220L002","2015-07-12","2015","07","12","","21.0","","8.6","","14.8","","3.2","","0.0","","","M","","M","","M","","","","M","","M"
"-110.69","62.42","LUTSELK'E CS","220L002","2015-07-13","2015","07","13","","18.6","","12.9","","15.8","","2.2","","0.0","","","M","","M","","M","","","","M","","M"
"-110.69","62.42","LUTSELK'E CS","220L002","2015-07-14","2015","07","14","","17.3","","13.4","","15.4","","2.6","","0.0","","","M","","M","","M","","","","M","","M"
"-110.69","62.42","LUTSELK'E CS","220L002","2015-07-15","2015","07","15","","20.8","","11.4","","16.1","","1.9","","0.0","","","M","","M","","M","","","","M","","M"
"-110.69","62.42","LUTSELK'E CS","220L002","2015-07-16","2015","07","16","","22.7","","13.6","","18.2","","0.0","","0.2","","","M","","M","","M","","","","M","","M"
"-110.69","62.42","LUTSELK'E CS","220L002","2015-07-17","2015","07","17","","18.2","","7.7","","13.0","","5.0","","0.0","","","M","","M","","M","","","","M","","M"
"-110.69","62.42","LUTSELK'E CS","220L002","2015-07-18","2015","07","18","","20.9","","4.3","","12.6","","5.4","","0.0","","","M","","M","","M","","","","M","","M"
"-110.69","62.42","LUTSELK'E CS","220L002","2015-07-19","2015","07","19","","14.9","","6.3","","10.6","","7.4","","0.0","","","M","","M","","M","","","","M","","M"
"-110.69","62.42","LUTSELK'E CS","220L002","2015-07-20","2015","07","20","","17.0","","2.1","","9.6","","8.4","","0.0","","","M","","M","","M","","","","M","","M"
"-110.69","62.42","LUTSELK'E CS","220L002","2015-07-21","2015","07","21","","20.4","","12.4","","16.4","","1.6","","0.0","","","M","","M","","M","","","","M","","M"
"-110.69","62.42","LUTSELK'E CS","220L002","2015-07-22","2015","07","22","","16.2","","10.2","","13.2","","4.8","","0.0","","","M","","M","","M","","","","M","","M"
"-110.69","62.42","LUTSELK'E CS","220L002","2015-07-23","2015","07","23","","19.2","","10.4","","14.8","","3.2","","0.0","","","M","","M","","M","","","","M","","M"
"-110.69","62.42","LUTSELK'E CS","220L002","2015-07-24","2015","07","24","","21.8","","6.1","","14.0","","4.0","","0.0","","","M","","M","","M","","","","M","","M"
"-110.69","62.42","LUTSELK'E CS","220L002","2015-07-25","2015","07","25","","22.0","","12.7","","17.4","","0.6","","0.0","","","M","","M","","M","","","","M","","M"
"-110.69","62.42","LUTSELK'E CS","220L002","2015-07-26","2015","07","26","","17.9","","14.0","","16.0","","2.0","","0.0","","","M","","M","","M","","","","M","","M"
"-110.69","62.42","LUTSELK'E CS","220L002","2015-07-27","2015","07","27","","16.7","","8.2","","12.5","","5.5","","0.0","","","M","","M","","M","","","","M","","M"
"-110.69","62.42","LUTSELK'E CS","220L002","2015-07-28","2015","07","28","","21.5","","4.4","","13.0","","5.0","","0.0","","","M","","M","","M","","","","M","","M"
"-110.69","62.42","LUTSELK'E CS","220L002","2015-07-29","2015","07","29","","21.2","","10.7","","16.0","","2.0","","0.0","","","M","","M","","M","","","","M","","M"
"-110.69","62.42","LUTSELK'E CS","220L002","2015-07-30","2015","07","30","","21.1","","7.2","","14.2","","3.8","","0.0","","","M","","M","","M","","","","M","","M"
"-110.69","62.42","LUTSELK'E CS","220L002","2015-07-31","2015","07","31","","20.5","","9.6","","15.1","","2.9","","0.0","","","M","","M","","M","","","","M","","M"
"-110.69","62.42","LUTSELK'E CS","220L002","2015-08-01","2015","08","01","","19.9","","5.0","","12.5","","5.5","","0.0","","","M","","M","","M","","","","M","","M"
"-110.69","62.42","LUTSELK'E CS","220L002","2015-08-02","2015","08","02","","21.8","","3.8","","12.8","","5.2","","0.0","","","M","","M","","M","","","","M","","M"
"-110.69","62.42","LUTSELK'E CS","220L002","2015-08-03","2015","08","03","","23.2","","3.2","","13.2","","4.8","","0.0","","","M","","M","","M","","","","M","","M"
"-110.69","62.42","LUTSELK'E CS","220L002","2015-08-04","2015","08","04","","24.7","","7.8","","16.3","","1.7","","0.0","","","M","","M","","M","","","","M","","M"
"-110.69","62.42","LUTSELK'E CS","220L002","2015-08-05","2015","08","05","","26.3","","13.0","","19.7","","0.0","","1.7","","","M","","M","","M","","","","M","","M"
"-110.69","62.42","LUTSELK'E CS","220L002","2015-08-06","2015","08","06","","25.6","","14.9","","20.3","","0.0","","2.3","","","M","","M","","M","","","","M","","M"
"-110.69","62.42","LUTSELK'E CS","220L002","2015-08-07","2015","08","07","","22.8","","8.7","","15.8","","2.2","","0.0","","","M","","M","","M","","","","M","","M"
"-110.69","62.42","LUTSELK'E CS","220L002","2015-08-08","2015","08","08","","23.4","","8.8","","16.1","","1.9","","0.0","","","M","","M","","M","","","","M","","M"
"-110.69","62.42","LUTSELK'E CS","220L002","2015-08-09","2015","08","09","","25.9","","14.4","","20.2","","0.0","","2.2","","","M","","M","","M","","","","M","","M"
"-110.69","62.42","LUTSELK'E CS","220L002","2015-08-10","2015","08","10","","24.7","","16.9","","20.8","","0.0","","2.8","","","M","","M","","M","","","","M","","M"
"-110.69","62.42","LUTSELK'E CS","220L002","2015-08-11","2015","08","11","","23.2","","16.3","","19.8","","0.0","","1.8","","","M","","M","","M","","","","M","","M"
"-110.69","62.42","LUTSELK'E CS","220L002","2015-08-12","2015","08","12","","18.2","","12.9","","15.6","","2.4","","0.0","","","M","","M","","M","","","","M","","M"
"-110.69","62.42","LUTSELK'E CS","220L002","2015-08-13","2015","08","13","","19.6","","8.2","","13.9","","4.1","","0.0","","","M","","M","","M","","","","M","","M"
"-110.69","62.42","LUTSELK'E CS","220L002","2015-08-14","2015","08","14","","17.1","","6.9","","12.0","","6.0","","0.0","","","M","","M","","M","","","","M","","M"
"-110.69","62.42","LUTSELK'E CS","220L002","2015-08-15","2015","08","15","","17.2","","5.7","","11.5","","6.5","","0.0","","","M","","M","","M","","","","M","","M"
"-110.69","62.42","LUTSELK'E CS","220L002","2015-08-16","2015","08","16","","19.4","","6.0","","12.7","","5.3","","0.0","","","M","","M","","M","","","","M","","M"
"-110.69","62.42","LUTSELK'E CS","220L002","2015-08-17","2015","08","17","","14.7","","4.2","","9.5","","8.5","","0.0","","","M","","M","","M","","","","M","","M"
"-110.69","62.42","LUTSELK'E CS","220L002","2015-08-18","2015","08","18","","17.0","","7.1","","12.1","","5.9","","0.0","","","M","","M","","M","","","","M","","M"
"-110.69","62.42","LUTSELK'E CS","220L002","2015-08-19","2015","08","19","","14.4","","11.5","","13.0","","5.0","","0.0","","","M","","M","","M","","","","M","","M"
"-110.69","62.42","LUTSELK'E CS","220L002","2015-08-20","2015","08","20","","14.4","","9.8","","12.1","","5.9","","0.0","","","M","","M","","M","","","","M","","M"
"-110.69","62.42","LUTSELK'E CS","220L002","2015-08-21","2015","08","21","","11.5","","9.0","","10.3","","7.7","","0.0","","","M","","M","","M","","","","M","","M"
"-110.69","62.42","LUTSELK'E CS","220L002","2015-08-22","2015","08","22","","12.8","","8.8","","10.8","","7.2","","0.0","","","M","","M","","M","","","","M","","M"
"-110.69","62.42","LUTSELK'E CS","220L002","2015-08-23","2015","08","23","","13.3","","8.8","","11.1","","6.9","","0.0","","","M","","M","","M","","","","M","","M"
"-110.69","62.42","LUTSELK'E CS","220L002","2015-08-24","2015","08","24","","17.2","","9.8","","13.5","","4.5","","0.0","","","M","","M","","M","","","","M","","M"
"-110.69","62.42","LUTSELK'E CS","220L002","2015-08-25","2015","08","25","","15.6","","7.2","","11.4","","6.6","","0.0","","","M","","M","","M","","","","M","","M"
"-110.69","62.42","LUTSELK'E CS","220L002","2015-08-26","2015","08","26","","17.5","","4.3","","10.9","","7.1","","0.0","","","M","","M","","M","","","","M","","M"
"-110.69","62.42","LUTSELK'E CS","220L002","2015-08-27","2015","08","27","","21.5","","3.5","","12.5","","5.5","","0.0","","","M","","M","","M","","","","M","","M"
"-110.69","62.42","LUTSELK'E CS","220L002","2015-08-28","2015","08","28","","19.6","","11.5","","15.6","","2.4","","0.0","","","M","","M","","M","","","","M","","M"
"-110.69","62.42","LUTSELK'E CS","220L002","2015-08-29","2015","08","29","","15.2","","5.2","","10.2","","7.8","","0.0","","","M","","M","","M","","","","M","","M"
"-110.69","62.42","LUTSELK'E CS","220L002","2015-08-30","2015","08","30","","17.4","","11.6","","14.5","","3.5","","0.0","","","M","","M","","M","","","","M","","M"
"-110.69","62.42","LUTSELK'E CS","220L002","2015-08-31","2015","08","31","","","M","12.5","E","","M","","M","","M","","M","","M","","M","","","","M","","M"
"-110.69","62.42","LUTSELK'E CS","220L002","2015-09-01","2015","09","01","","17.5","","4.9","","11.2","","6.8","","0.0","","","M","","M","","M","","","","M","","M"
"-110.69","62.42","LUTSELK'E CS","220L002","2015-09-02","2015","09","02","","13.4","","9.4","","11.4","","6.6","","0.0","","","M","","M","","M","","","","M","","M"
"-110.69","62.42","LUTSELK'E CS","220L002","2015-09-03","2015","09","03","","12.9","","8.1","","10.5","","7.5","","0.0","","","M","","M","","M","","","","M","","M"
"-110.69","62.42","LUTSELK'E CS","220L002","2015-09-04","2015","09","04","","9.8","","6.9","","8.4","","9.6","","0.0","","","M","","M","","M","","","","M","","M"
"-110.69","62.42","LUTSELK'E CS","220L002","2015-09-05","2015","09","05","","13.7","","4.9","E","9.3","E","8.7","E","0.0","E","","M","","M","","M","","","","M","","M"
"-110.69","62.42","LUTSELK'E CS","220L002","2015-09-06","2015","09","06","","17.9","","3.4","","10.7","","7.3","","0.0","","","M","","M","","M","","","","M","","M"
"-110.69","62.42","LUTSELK'E CS","220L002","2015-09-07","2015","09","07","","15.6","","8.3","","12.0","","6.0","","0.0","","","M","","M","","M","","","","M","","M"
"-110.69","62.42","LUTSELK'E CS","220L002","2015-09-08","2015","09","08","","12.1","","0.0","","6.1","","11.9","","0.0","","","M","","M","","M","","","","M","","M"
"-110.69","62.42","LUTSELK'E CS","220L002","2015-09-09","2015","09","09","","13.6","","-0.1","","6.8","","11.2","","0.0","","","M","","M","","M","","","","M","","M"
"-110.69","62.42","LUTSELK'E CS","220L002","2015-09-10","2015","09","10","","19.6","","2.3","","11.0","","7.0","","0.0","","","M","","M","","M","","","","M","","M"
"-110.69","62.42","LUTSELK'E CS","220L002","2015-09-11","2015","09","11","","20.9","","11.2","","16.1","","1.9","","0.0","","","M","","M","","M","","","","M","","M"
"-110.69","62.42","LUTSELK'E CS","220L002","2015-09-12","2015","09","12","","13.5","","7.1","","10.3","","7.7","","0.0","","","M","","M","","M","","","","M","","M"
"-110.69","62.42","LUTSELK'E CS","220L002","2015-09-13","2015","09","13","","7.5","","1.4","","4.5","","13.5","","0.0","","","M","","M","","M","","","","M","","M"
"-110.69","62.42","LUTSELK'E CS","220L002","2015-09-14","2015","09","14","","6.0","","-2.7","","1.7","","16.3","","0.0","","","M","","M","","M","","","","M","","M"
"-110.69","62.42","LUTSELK'E CS","220L002","2015-09-15","2015","09","15","","12.7","","1.2","","7.0","","11.0","","0.0","","","M","","M","","M","","","","M","","M"
"-110.69","62.42","LUTSELK'E CS","220L002","2015-09-16","2015","09","16","","16.5","","5.3","","10.9","","7.1","","0.0","","","M","","M","","M","","","","M","","M"
"-110.69","62.42","LUTSELK'E CS","220L002","2015-09-17","2015","09","17","","12.6","","0.0","","6.3","","11.7","","0.0","","","M","","M","","M","","","","M","","M"
"-110.69","62.42","LUTSELK'E CS","220L002","2015-09-18","2015","09","18","","14.4","","3.7","","9.1","","8.9","","0.0","","","M","","M","","M","","","","M","","M"
"-110.69","62.42","LUTSELK'E CS","220L002","2015-09-19","2015","09","19","","9.5","","4.4","","7.0","","11.0","","0.0","","","M","","M","","M","","","","M","","M"
"-110.69","62.42","LUTSELK'E CS","220L002","2015-09-20","2015","09","20","","7.8","","2.0","","4.9","","13.1","","0.0","","","M","","M","","M","","","","M","","M"
"-110.69","62.42","LUTSELK'E CS","220L002","2015-09-21","2015","09","21","","6.3","","-2.2","","2.1","","15.9","","0.0","","","M","","M","","M","","","","M","","M"
"-110.69","62.42","LUTSELK'E CS","220L002","2015-09-22","2015","09","22","","5.5","","-3.5","","1.0","","17.0","","0.0","","","M","","M","","M","","","","M","","M"
"-110.69","62.42","LUTSELK'E CS","220L002","2015-09-23","2015","09","23","","10.0","","-1.6","","4.2","","13.8","","0.0","","","M","","M","","M","","","","M","","M"
"-110.69","62.42","LUTSELK'E CS","220L002","2015-09-24","2015","09","24","","10.4","","5.6","","8.0","","10.0","","0.0","","","M","","M","","M","","","","M","","M"
"-110.69","62.42","LUTSELK'E CS","220L002","2015-09-25","2015","09","25","","10.9","","6.0","","8.5","","9.5","","0.0","","","M","","M","","M","","","","M","","M"
"-110.69","62.42","LUTSELK'E CS","220L002","2015-09-26","2015","09","26","","9.8","","4.4","","7.1","","10.9","","0.0","","","M","","M","","M","","","","M","","M"
"-110.69","62.42","LUTSELK'E CS","220L002","2015-09-27","2015","09","27","","5.0","","0.2","","2.6","","15.4","","0.0","","","M","","M","","M","","","","M","","M"
"-110.69","62.42","LUTSELK'E CS","220L002","2015-09-28","2015","09","28","","1.7","","-2.0","","-0.2","","18.2","","0.0","","","M","","M","","M","","","","M","","M"
"-110.69","62.42","LUTSELK'E CS","220L002","2015-09-29","2015","09","29","","6.1","","-2.1","","2.0","","16.0","","0.0","","","M","","M","","M","","","","M","","M"
"-110.69","62.42","LUTSELK'E CS","220L002","2015-09-30","2015","09","30","","20.9","","4.2","","12.6","","5.4","","0.0","","","M","","M","","M","","","","M","","M"
"-110.69","62.42","LUTSELK'E CS","220L002","2015-10-01","2015","10","01","","14.6","","4.0","","9.3","","8.7","","0.0","","","M","","M","","M","","","","M","","M"
"-110.69","62.42","LUTSELK'E CS","220L002","2015-10-02","2015","10","02","","5.2","","0.5","","2.9","","15.1","","0.0","","","M","","M","","M","","","","M","","M"
"-110.69","62.42","LUTSELK'E CS","220L002","2015-10-03","2015","10","03","","2.7","","-2.1","","0.3","","17.7","","0.0","","","M","","M","","M","","","","M","","M"
"-110.69","62.42","LUTSELK'E CS","220L002","2015-10-04","2015","10","04","","4.6","","0.0","","2.3","","15.7","","0.0","","","M","","M","","M","","","","M","","M"
"-110.69","62.42","LUTSELK'E CS","220L002","2015-10-05","2015","10","05","","4.7","","1.5","","3.1","","14.9","","0.0","","","M","","M","","M","","","","M","","M"
"-110.69","62.42","LUTSELK'E CS","220L002","2015-10-06","2015","10","06","","8.1","","1.3","","4.7","","13.3","","0.0","","","M","","M","","M","","","","M","","M"
"-110.69","62.42","LUTSELK'E CS","220L002","2015-10-07","2015","10","07","","6.4","","-1.5","","2.5","","15.5","","0.0","","","M","","M","","M","","","","M","","M"
"-110.69","62.42","LUTSELK'E CS","220L002","2015-10-08","2015","10","08","","-0.3","","-6.4","","-3.4","","21.4","","0.0","","","M","","M","","M","","","","M","","M"
"-110.69","62.42","LUTSELK'E CS","220L002","2015-10-09","2015","10","09","","1.4","","-5.4","","-2.0","","20.0","","0.0","","","M","","M","","M","","","","M","","M"
"-110.69","62.42","LUTSELK'E CS","220L002","2015-10-10","2015","10","10","","0.8","","-1.4","","-0.3","","18.3","","0.0","","","M","","M","","M","","","","M","","M"
"-110.69","62.42","LUTSELK'E CS","220L002","2015-10-11","2015","10","11","","0.9","","-3.8","","-1.5","","19.5","","0.0","","","M","","M","","M","","","","M","","M"
"-110.69","62.42","LUTSELK'E CS","220L002","2015-10-12","2015","10","12","","-1.9","","-4.5","","-3.2","","21.2","","0.0","","","M","","M","","M","","","","M","","M"
"-110.69","62.42","LUTSELK'E CS","220L002","2015-10-13","2015","10","13","","0.2","","-5.8","","-2.8","","20.8","","0.0","","","M","","M","","M","","","","M","","M"
"-110.69","62.42","LUTSELK'E CS","220L002","2015-10-14","2015","10","14","","-1.8","","-6.8","","-4.3","","22.3","","0.0","","","M","","M","","M","","","","M","","M"
"-110.69","62.42","LUTSELK'E CS","220L002","2015-10-15","2015","10","15","","1.8","","-6.5","","-2.4","","20.4","","0.0","","","M","","M","","M","","","","M","","M"
"-110.69","62.42","LUTSELK'E CS","220L002","2015-10-16","2015","10","16","","7.1","","0.0","","3.6","","14.4","","0.0","","","M","","M","","M","","","","M","","M"
"-110.69","62.42","LUTSELK'E CS","220L002","2015-10-17","2015","10","17","","5.2","","1.8","","3.5","","14.5","","0.0","","","M","","M","","M","","","","M","","M"
"-110.69","62.42","LUTSELK'E CS","220L002","2015-10-18","2015","10","18","","3.7","","-3.2","","0.3","","17.7","","0.0","","","M","","M","","M","","","","M","","M"
"-110.69","62.42","LUTSELK'E CS","220L002","2015-10-19","2015","10","19","","-3.2","","-10.2","","-6.7","","24.7","","0.0","","","M","","M","","M","","","","M","","M"
"-110.69","62.42","LUTSELK'E CS","220L002","2015-10-20","2015","10","20","","-2.2","","-5.2","","-3.7","","21.7","","0.0","","","M","","M","","M","","","","M","","M"
"-110.69","62.42","LUTSELK'E CS","220L002","2015-10-21","2015","10","21","","-0.7","","-5.3","","-3.0","","21.0","","0.0","","","M","","M","","M","","","","M","","M"
"-110.69","62.42","LUTSELK'E CS","220L002","2015-10-22","2015","10","22","","3.3","","-1.2","","1.1","","16.9","","0.0","","","M","","M","","M","","","","M","","M"
"-110.69","62.42","LUTSELK'E CS","220L002","2015-10-23","2015","10","23","","-0.7","","-5.9","","-3.3","","21.3","","0.0","","","M","","M","","M","","","","M","","M"
"-110.69","62.42","LUTSELK'E CS","220L002","2015-10-24","2015","10","24","","-5.8","","-17.2","","-11.5","","29.5","","0.0","","","M","","M","","M","","","","M","","M"
"-110.69","62.42","LUTSELK'E CS","220L002","2015-10-25","2015","10","25","","-4.4","","-19.3","","-11.9","","29.9","","0.0","","","M","","M","","M","","","","M","","M"
"-110.69","62.42","LUTSELK'E CS","220L002","2015-10-26","2015","10","26","","-3.3","","-9.5","","-6.4","","24.4","","0.0","","","M","","M","","M","","","","M","","M"
"-110.69","62.42","LUTSELK'E CS","220L002","2015-10-27","2015","10","27","","-3.4","","-9.8","","-6.6","","24.6","","0.0","","","M","","M","","M","","","","M","","M"
"-110.69","62.42","LUTSELK'E CS","220L002","2015-10-28","2015","10","28","","-3.9","","-10.1","","-7.0","","25.0","","0.0","","","M","","M","","M","","","","M","","M"
"-110.69","62.42","LUTSELK'E CS","220L002","2015-10-29","2015","10","29","","-4.4","","-7.7","","-6.1","","24.1","","0.0","","","M","","M","","M","","","","M","","M"
"-110.69","62.42","LUTSELK'E CS","220L002","2015-10-30","2015","10","30","","-1.8","","-4.6","","-3.2","","21.2","","0.0","","","M","","M","","M","","","","M","","M"
"-110.69","62.42","LUTSELK'E CS","220L002","2015-10-31","2015","10","31","","-2.3","","-10.3","","-6.3","","24.3","","0.0","","","M","","M","","M","","","","M","","M"
"-110.69","62.42","LUTSELK'E CS","220L002","2015-11-01","2015","11","01","","-4.4","","-10.7","","-7.6","","25.6","","0.0","","","M","","M","","M","6","","","M","","M"
"-110.69","62.42","LUTSELK'E CS","220L002","2015-11-02","2015","11","02","","-6.7","","-10.6","","-8.7","","26.7","","0.0","","","M","","M","","M","6","","","M","","M"
"-110.69","62.42","LUTSELK'E CS","220L002","2015-11-03","2015","11","03","","-4.9","","-10.0","","-7.5","","25.5","","0.0","","","M","","M","","M","7","","","M","","M"
"-110.69","62.42","LUTSELK'E CS","220L002","2015-11-04","2015","11","04","","-4.5","","-9.5","","-7.0","","25.0","","0.0","","","M","","M","","M","7","","","M","","M"
"-110.69","62.42","LUTSELK'E CS","220L002","2015-11-05","2015","11","05","","-1.3","","-12.4","","-6.9","","24.9","","0.0","","","M","","M","","M","8","","","M","","M"
"-110.69","62.42","LUTSELK'E CS","220L002","2015-11-06","2015","11","06","","-3.7","","-12.6","","-8.2","","26.2","","0.0","","","M","","M","","M","7","","","M","","M"
"-110.69","62.42","LUTSELK'E CS","220L002","2015-11-07","2015","11","07","","-0.5","","-5.9","","-3.2","","21.2","","0.0","","","M","","M","","M","12","","","M","","M"
"-110.69","62.42","LUTSELK'E CS","220L002","2015-11-08","2015","11","08","","-5.8","","-18.9","","-12.4","","30.4","","0.0","","","M","","M","","M","11","","","M","","M"
"-110.69","62.42","LUTSELK'E CS","220L002","2015-11-09","2015","11","09","","-6.5","","-19.8","","-13.2","","31.2","","0.0","","","M","","M","","M","10","","","M","","M"
"-110.69","62.42","LUTSELK'E CS","220L002","2015-11-10","2015","11","10","","0.5","","-7.0","","-3.3","","21.3","","0.0","","","M","","M","","M","10","","","M","","M"
"-110.69","62.42","LUTSELK'E CS","220L002","2015-11-11","2015","11","11","","1.5","","-3.6","","-1.1","","19.1","","0.0","","","M","","M","","M","10","","","M","","M"
"-110.69","62.42","LUTSELK'E CS","220L002","2015-11-12","2015","11","12","","-1.8","","-8.0","","-4.9","","22.9","","0.0","","","M","","M","","M","9","","","M","","M"
"-110.69","62.42","LUTSELK'E CS","220L002","2015-11-13","2015","11","13","","1.2","","-4.7","","-1.8","","19.8","","0.0","","","M","","M","","M","9","","","M","","M"
"-110.69","62.42","LUTSELK'E CS","220L002","2015-11-14","2015","11","14","","-4.1","","-12.3","","-8.2","","26.2","","0.0","","","M","","M","","M","9","","","M","","M"
"-110.69","62.42","LUTSELK'E CS","220L002","2015-11-15","2015","11","15","","-7.6","","-10.9","","-9.3","","27.3","","0.0","","","M","","M","","M","9","","","M","","M"
"-110.69","62.42","LUTSELK'E CS","220L002","2015-11-16","2015","11","16","","-8.2","","-12.0","","-10.1","","28.1","","0.0","","","M","","M","","M","9","","","M","","M"
"-110.69","62.42","LUTSELK'E CS","220L002","2015-11-17","2015","11","17","","-10.0","","-13.3","","-11.7","","29.7","","0.0","","","M","","M","","M","14","","","M","","M"
"-110.69","62.42","LUTSELK'E CS","220L002","2015-11-18","2015","11","18","","-6.9","","-12.8","","-9.9","","27.9","","0.0","","","M","","M","","M","15","","","M","","M"
"-110.69","62.42","LUTSELK'E CS","220L002","2015-11-19","2015","11","19","","-8.3","","-12.8","","-10.6","","28.6","","0.0","","","M","","M","","M","13","","","M","","M"
"-110.69","62.42","LUTSELK'E CS","220L002","2015-11-20","2015","11","20","","-12.2","","-17.2","","-14.7","","32.7","","0.0","","","M","","M","","M","20","","","M","","M"
"-110.69","62.42","LUTSELK'E CS","220L002","2015-11-21","2015","11","21","","-8.6","","-15.4","","-12.0","","30.0","","0.0","","","M","","M","","M","17","","","M","","M"
"-110.69","62.42","LUTSELK'E CS","220L002","2015-11-22","2015","11","22","","-7.6","","-11.9","","-9.8","","27.8","","0.0","","","M","","M","","M","16","","","M","","M"
"-110.69","62.42","LUTSELK'E CS","220L002","2015-11-23","2015","11","23","","-11.7","","-21.7","","-16.7","","34.7","","0.0","","","M","","M","","M","15","","","M","","M"
"-110.69","62.42","LUTSELK'E CS","220L002","2015-11-24","2015","11","24","","-11.8","","-16.4","","-14.1","","32.1","","0.0","","","M","","M","","M","16","","","M","","M"
"-110.69","62.42","LUTSELK'E CS","220L002","2015-11-25","2015","11","25","","-11.2","","-15.5","","-13.4","","31.4","","0.0","","","M","","M","","M","17","","","M","","M"
"-110.69","62.42","LUTSELK'E CS","220L002","2015-11-26","2015","11","26","","-8.8","","-11.2","","-10.0","","28.0","","0.0","","","M","","M","","M","16","","","M","","M"
"-110.69","62.42","LUTSELK'E CS","220L002","2015-11-27","2015","11","27","","-2.8","","-10.2","","-6.5","","24.5","","0.0","","","M","","M","","M","17","","","M","","M"
"-110.69","62.42","LUTSELK'E CS","220L002","2015-11-28","2015","11","28","","-3.5","","-8.0","","-5.8","","23.8","","0.0","","","M","","M","","M","17","","","M","","M"
"-110.69","62.42","LUTSELK'E CS","220L002","2015-11-29","2015","11","29","","-4.4","","-11.5","","-8.0","","26.0","","0.0","","","M","","M","","M","17","","","M","","M"
"-110.69","62.42","LUTSELK'E CS","220L002","2015-11-30","2015","11","30","","-5.2","","-11.4","","-8.3","","26.3","","0.0","","","M","","M","","M","16","","","M","","M"
"-110.69","62.42","LUTSELK'E CS","220L002","2015-12-01","2015","12","01","","-6.4","","-11.5","","-9.0","","27.0","","0.0","","","M","","M","","M","16","","","M","","M"
"-110.69","62.42","LUTSELK'E CS","220L002","2015-12-02","2015","12","02","","-7.6","","-11.4","","-9.5","","27.5","","0.0","","","M","","M","","M","16","","","M","","M"
"-110.69","62.42","LUTSELK'E CS","220L002","2015-12-03","2015","12","03","","-10.9","","-13.7","","-12.3","","30.3","","0.0","","","M","","M","","M","15","","","M","","M"
"-110.69","62.42","LUTSELK'E CS","220L002","2015-12-04","2015","12","04","","-11.5","","-13.2","","-12.4","","30.4","","0.0","","","M","","M","","M","16","","","M","","M"
"-110.69","62.42","LUTSELK'E CS","220L002","2015-12-05","2015","12","05","","-11.5","","-21.3","","-16.4","","34.4","","0.0","","","M","","M","","M","13","","","M","","M"
"-110.69","62.42","LUTSELK'E CS","220L002","2015-12-06","2015","12","06","","-12.4","","-22.2","","-17.3","","35.3","","0.0","","","M","","M","","M","14","","","M","","M"
"-110.69","62.42","LUTSELK'E CS","220L002","2015-12-07","2015","12","07","","-7.9","","-12.6","","-10.3","","28.3","","0.0","","","M","","M","","M","16","","","M","","M"
"-110.69","62.42","LUTSELK'E CS","220L002","2015-12-08","2015","12","08","","-6.0","","-11.6","","-8.8","","26.8","","0.0","","","M","","M","","M","18","","","M","","M"
"-110.69","62.42","LUTSELK'E CS","220L002","2015-12-09","2015","12","09","","-11.2","","-16.2","","-13.7","","31.7","","0.0","","","M","","M","","M","22","","","M","","M"
"-110.69","62.42","LUTSELK'E CS","220L002","2015-12-10","2015","12","10","","-14.2","","-22.4","","-18.3","","36.3","","0.0","","","M","","M","","M","20","","","M","","M"
"-110.69","62.42","LUTSELK'E CS","220L002","2015-12-11","2015","12","11","","-14.4","","-22.3","","-18.4","","36.4","","0.0","","","M","","M","","M","20","","","M","","M"
"-110.69","62.42","LUTSELK'E CS","220L002","2015-12-12","2015","12","12","","-8.0","","-14.9","","-11.5","","29.5","","0.0","","","M","","M","","M","20","","","M","","M"
"-110.69","62.42","LUTSELK'E CS","220L002","2015-12-13","2015","12","13","","-4.9","","-9.0","","-7.0","","25.0","","0.0","","","M","","M","","M","20","","","M","","M"
"-110.69","62.42","LUTSELK'E CS","220L002","2015-12-14","2015","12","14","","-4.6","","-8.5","","-6.6","","24.6","","0.0","","","M","","M","","M","19","","","M","","M"
"-110.69","62.42","LUTSELK'E CS","220L002","2015-12-15","2015","12","15","","-3.9","","-8.5","","-6.2","","24.2","","0.0","","","M","","M","","M","18","","","M","","M"
"-110.69","62.42","LUTSELK'E CS","220L002","2015-12-16","2015","12","16","","-7.9","","-16.5","","-12.2","","30.2","","0.0","","","M","","M","","M","26","","","M","","M"
"-110.69","62.42","LUTSELK'E CS","220L002","2015-12-17","2015","12","17","","-16.4","","-28.4","","-22.4","","40.4","","0.0","","","M","","M","","M","29","","","M","","M"
"-110.69","62.42","LUTSELK'E CS","220L002","2015-12-18","2015","12","18","","-21.3","","-29.5","","-25.4","","43.4","","0.0","","","M","","M","","M","28","","","M","","M"
"-110.69","62.42","LUTSELK'E CS","220L002","2015-12-19","2015","12","19","","-20.3","","-28.4","","-24.4","","42.4","","0.0","","","M","","M","","M","27","","","M","","M"
"-110.69","62.42","LUTSELK'E CS","220L002","2015-12-20","2015","12","20","","-18.9","","-27.6","","-23.3","","41.3","","0.0","","","M","","M","","M","26","","","M","","M"
"-110.69","62.42","LUTSELK'E CS","220L002","2015-12-21","2015","12","21","","-15.5","","-19.3","","-17.4","","35.4","","0.0","","","M","","M","","M","26","","","M","","M"
"-110.69","62.42","LUTSELK'E CS","220L002","2015-12-22","2015","12","22","","-17.0","","-29.2","","-23.1","","41.1","","0.0","","","M","","M","","M","29","","","M","","M"
"-110.69","62.42","LUTSELK'E CS","220L002","2015-12-23","2015","12","23","","-20.3","","-30.0","","-25.2","","43.2","","0.0","","","M","","M","","M","28","","","M","","M"
"-110.69","62.42","LUTSELK'E CS","220L002","2015-12-24","2015","12","24","","-28.3","","-36.3","","-32.3","","50.3","","0.0","","","M","","M","","M","27","","","M","","M"
"-110.69","62.42","LUTSELK'E CS","220L002","2015-12-25","2015","12","25","","-31.9","","-38.7","","-35.3","","53.3","","0.0","","","M","","M","","M","28","","","M","","M"
"-110.69","62.42","LUTSELK'E CS","220L002","2015-12-26","2015","12","26","","-32.1","","-42.1","","-37.1","","55.1","","0.0","","","M","","M","","M","27","","","M","","M"
"-110.69","62.42","LUTSELK'E CS","220L002","2015-12-27","2015","12","27","","-29.9","","-41.2","","-35.6","","53.6","","0.0","","","M","","M","","M","27","","","M","","M"
"-110.69","62.42","LUTSELK'E CS","220L002","2015-12-28","2015","12","28","","-31.5","","-36.2","","-33.9","","51.9","","0.0","","","M","","M","","M","27","","","M","","M"
"-110.69","62.42","LUTSELK'E CS","220L002","2015-12-29","2015","12","29","","-16.3","","-32.8","","-24.6","","42.6","","0.0","","","M","","M","","M","27","","","M","","M"
"-110.69","62.42","LUTSELK'E CS","220L002","2015-12-30","2015","12","30","","-11.5","","-19.4","","-15.5","","33.5","","0.0","","","M","","M","","M","27","","","M","","M"
"-110.69","62.42","LUTSELK'E CS","220L002","2015-12-31","2015","12","31","","-8.5","","-17.5","","-13.0","","31.0","","0.0","","","M","","M","","M","27","","","M","","M"
